-- 1. Insertar Sedes
INSERT INTO Sede (id_sede, nombre_sede, ubicacion) VALUES 
(1, 'Sede Central Cartago', 'Cartago'),
(2, 'Sede Regional San José', 'San Pedro'),
(3, 'Centro Académico Alajuela', 'Alajuela');

-- 2. Insertar Carreras
INSERT INTO Carrera (id_carrera, nombre_carrera, facultad) VALUES 
(10, 'Ingeniería en Computación', 'Ingeniería'),
(20, 'Administración de Empresas', 'Ciencias Sociales'),
(30, 'Diseño Industrial', 'Ingeniería');

-- 3. Insertar Cursos
INSERT INTO Curso (id_curso, nombre_curso, creditos, id_carrera) VALUES 
(101, 'Introducción a la Programación', 4, 10),
(102, 'Bases de Datos I', 4, 10),
(201, 'Contabilidad Básica', 3, 20),
(301, 'Taller de Diseño I', 5, 30);

-- 4. Insertar Docentes
INSERT INTO Docente (id_docente, nombre_completo, tipo_contrato) VALUES 
(501, 'Dra. María Alfaro', 'Tiempo Completo'),
(502, 'Ing. Carlos Mendoza', 'Por Horas'),
(503, 'MSc. Elena Rodríguez', 'Tiempo Completo');

-- 6. Insertar Grupos de Oferta Académica
INSERT INTO Grupo_Oferta (id_grupo, id_curso, id_docente, id_sede, periodo_academico, anio, modalidad, franja_horaria) VALUES 
(1001, 101, 501, 1, 'I Semestre', 2026, 'Presencial', 'Mañana'),
(1002, 102, 502, 1, 'I Semestre', 2026, 'Virtual', 'Noche'),
(1003, 201, 503, 2, 'I Semestre', 2026, 'Híbrido', 'Tarde');

-- 5. Insertar Estudiantes (Datos Sintéticos)
INSERT INTO Estudiante (id_estudiante, nombre_completo, fecha_nacimiento, genero, anio_ingreso, colegio_procedencia) VALUES
(2023001, 'Santiago Artavia', '0000-00-00', 'Masculino', 2023, 'Liceo de Heredia'),
(2023002, 'Valeria Marenco', '2004-11-25', 'Femenino', 2023, 'Colegio Monterrey'),
(2023003, 'Luis Diego Fallas', '2005-01-05', 'Masculino', 2023, 'Liceo de Costa Rica'),
(2023004, 'Daniela Ureña', '2005-05-16', 'Femenino', 2023, 'Colegio María Auxiliadora'),
(2023005, 'José Pablo Rojas', '2004-08-09', 'Masculino', 2023, 'Liceo San José'),
(2023006, 'Camila Brenes', '2005-10-21', 'Femenino', 2023, 'Colegio Técnico Profesional de Cartago'),
(2023007, 'Andrés Quesada', '2005-02-14', 'Masculino', 2023, 'Liceo de Alajuela'),
(2023008, 'Mariana Cordero', '2004-12-03', 'Femenino', 2023, 'Colegio Humboldt'),
(2023009, 'Sebastián Vargas', '2005-06-27', 'Masculino', 2023, 'Liceo Rodrigo Facio'),
(2023010, 'Gabriela Navarro', '2005-09-18', 'Femenino', 2023, 'Colegio Santa Inés'),
(2023011, 'Diego Solís', '2004-07-11', 'Masculino', 2023, 'Liceo de Atenas'),
(2023012, 'Paula Chinchilla', '2005-04-08', 'Femenino', 2023, 'Colegio Bilingüe Nueva Esperanza'),
(2023013, 'Carlos Méndez', '2005-01-29', 'Masculino', 2023, 'Liceo de Coronado'),
(2023014, 'Natalia Paniagua', '2004-10-15', 'Femenino', 2023, 'Colegio Los Ángeles'),
(2023015, 'Fernando Salazar', '2005-07-02', 'Masculino', 2023, 'Colegio Técnico de Pavas'),
(2023016, 'Lucía Araya', '2005-11-07', 'Femenino', 2023, 'Liceo de Grecia'),
(2023017, 'Mauricio Fonseca', '2004-09-24', 'Masculino', 2023, 'Colegio Metodista'),
(2023018, 'Ana Sofía Jiménez', '2005-03-31', 'Femenino', 2023, 'Colegio de Bagaces'),
(2023019, 'Ricardo Mora', '2005-12-12', 'Masculino', 2023, 'Liceo Nocturno de Desamparados'),
(2023020, 'Isabella Carvajal', '2004-06-20', 'Femenino', 2023, 'Colegio Santa María'),
(2023021, 'Kevin Elizondo', '2005-08-05', 'Masculino', 2023, 'Liceo de Paraíso'),
(2023022, 'Adriana Ramírez', '2005-02-26', 'Femenino', 2023, 'Colegio Seminario'),
(2023023, 'Pablo Acuña', '2004-11-19', 'Masculino', 2023, 'Liceo de Turrialba'),
(2023024, 'Sofía Espinoza', '2005-05-09', 'Femenino', 2023, 'Colegio Yurustí'),
(2023025, 'Brayan Zúñiga', '2005-07-28', 'Masculino', 2023, 'Liceo de Moravia'),
(2024001, 'Elena Villalobos', '2006-07-14', 'Femenino', 2024, 'Colegio Científico'),
(2024002, 'Felipe Chaves', '2005-09-30', 'Masculino', 2024, 'Liceo Samuel Sáenz'),
(2024003, 'Mónica Céspedes', '2006-01-17', 'Femenino', 2024, 'Colegio María Inmaculada'),
(2024004, 'Esteban Umaña', '2005-04-22', 'Masculino', 2024, 'Liceo de Palmares'),
(2024005, 'Karol Villalta', '2006-06-30', 'Femenino', 2024, 'Colegio Saint Clare'),
(2024006, 'Javier Arce', '2005-08-12', 'Masculino', 2024, 'Liceo de Nicoya'),
(2024007, 'Rebeca Hidalgo', '2006-03-27', 'Femenino', 2024, 'Colegio Calasanz'),
(2024008, 'Óscar Leiva', '2005-12-19', 'Masculino', 2024, 'Liceo de Puriscal'),
(2024009, 'Tatiana Badilla', '2006-09-05', 'Femenino', 2024, 'Colegio Sagrado Corazón'),
(2024010, 'Marco Álvarez', '2005-07-08', 'Masculino', 2024, 'Colegio Técnico de Limón'),
(2024011, 'Daniela Segura', '2006-05-13', 'Femenino', 2024, 'Liceo de San Carlos'),
(2024012, 'Aarón Calderón', '2005-11-26', 'Masculino', 2024, 'Colegio Redentorista'),
(2024013, 'Melissa Corrales', '2006-02-04', 'Femenino', 2024, 'Colegio Bilingüe del Sur'),
(2024014, 'Cristian Villalba', '2005-10-10', 'Masculino', 2024, 'Liceo de Oreamuno'),
(2024015, 'Allison Murillo', '2006-04-16', 'Femenino', 2024, 'Colegio Nuestra Señora de Sión'),
(2024016, 'Gerardo Picado', '2005-06-29', 'Masculino', 2024, 'Liceo Experimental Bilingüe'),
(2024017, 'Paola Zumbado', '2006-08-21', 'Femenino', 2024, 'Colegio de Naranjo'),
(2024018, 'Dylan Coto', '2005-03-06', 'Masculino', 2024, 'Liceo de Tibás'),
(2024019, 'María Fernanda Alpízar', '2006-11-11', 'Femenino', 2024, 'Colegio Angloamericano'),
(2024020, 'Josué León', '2005-09-14', 'Masculino', 2024, 'Liceo de Santa Ana'),
(2024021, 'Noelia Cerdas', '2006-07-24', 'Femenino', 2024, 'Colegio Miravalle'),
(2024022, 'Bryan Montero', '2005-01-18', 'Masculino', 2024, 'Colegio Técnico de Liberia'),
(2024023, 'Valentina Porras', '2006-12-01', 'Femenino', 2024, 'Liceo de Belén'),
(2024024, 'Fabián Campos', '2005-05-25', 'Masculino', 2024, 'Colegio Victoria'),
(2024025, 'Catherine Retana', '2006-10-07', 'Femenino', 2024, 'Liceo de Aserrí'),
(2025001, 'Amanda Solano', '2007-02-18', 'Femenino', 2025, 'Saint Francis'),
(2025002, 'Ignacio Zeledón', '2006-12-05', 'Masculino', 2025, 'Colegio Nocturno'),
(2025003, 'Daniel Ugalde', '2007-06-15', 'Masculino', 2025, 'Colegio Monterán'),
(2025004, 'María José Obando', '2006-08-28', 'Femenino', 2025, 'Liceo de Poás'),
(2025005, 'Alejandro Sancho', '2007-03-19', 'Masculino', 2025, 'Colegio Claretiano'),
(2025006, 'Laura Granados', '2006-11-02', 'Femenino', 2025, 'Colegio María Auxiliadora'),
(2025007, 'Ian Barrantes', '2007-01-24', 'Masculino', 2025, 'Liceo de Hatillo'),
(2025008, 'Andrea Cascante', '2006-09-09', 'Femenino', 2025, 'Colegio Bilingüe Santa Cecilia'),
(2025009, 'Samuel Delgado', '2007-05-12', 'Masculino', 2025, 'Liceo de Sabanilla'),
(2025010, 'Emily Coto', '2006-10-31', 'Femenino', 2025, 'Colegio Experimental Bilingüe de Palmares'),
(2025011, 'Adrián Gamboa', '2007-02-07', 'Masculino', 2025, 'Liceo de Cartago'),
(2025012, 'Nicole Solórzano', '2006-12-22', 'Femenino', 2025, 'Colegio La Salle'),
(2025013, 'Gael Villareal', '2007-07-04', 'Masculino', 2025, 'Liceo de Tres Ríos'),
(2025014, 'Daniela Chaves', '2006-04-18', 'Femenino', 2025, 'Colegio Técnico de San Sebastián'),
(2025015, 'Matías Fallas', '2007-09-13', 'Masculino', 2025, 'Liceo de San Ramón'),
(2025016, 'Ashley Sequeira', '2006-06-26', 'Femenino', 2025, 'Colegio Santa Teresa'),
(2025017, 'Sergio Roldán', '2007-08-17', 'Masculino', 2025, 'Liceo de Curridabat'),
(2025018, 'Antonella Murillo', '2006-03-10', 'Femenino', 2025, 'Colegio Científico de Alajuela'),
(2025019, 'Sebastián Cedeño', '2007-10-29', 'Masculino', 2025, 'Colegio Gregorio José Ramírez'),
(2025020, 'Abril Quesada', '2006-05-21', 'Femenino', 2025, 'Liceo de Guápiles'),
(2025021, 'Emmanuel Valverde', '2007-11-06', 'Masculino', 2025, 'Colegio San Luis Gonzaga'),
(2025022, 'Sara Arce', '2006-07-30', 'Femenino', 2025, 'Liceo de Alajuelita'),
(2025023, 'Leonardo Sánchez', '2007-01-03', 'Masculino', 2025, 'Colegio El Carmen'),
(2025024, 'Julieta Umaña', '2006-02-14', 'Femenino', 2025, 'Liceo Anastasio Alfaro'),
(2025025, 'Thiago Pérez', '2007-12-09', 'Masculino', 2025, 'Colegio Técnico de Upala'),
(2026001, 'Jimena Castro', '2008-04-22', 'Femenino', 2026, 'Liceo de Escazú'),
(2026002, 'Mía Benavides', '2008-06-11', 'Femenino', 2026, 'Liceo de Flores'),
(2026003, 'Joshua Madrigal', '2007-09-22', 'Masculino', 2026, 'Colegio Bilingüe de Palmares'),
(2026004, 'Zoe Cordero', '2008-01-08', 'Femenino', 2026, 'Colegio San Francis'),
(2026005, 'Nicolás Durán', '2007-12-27', 'Masculino', 2026, 'Liceo José Joaquín Vargas Calvo'),
(2026006, 'Emma Brenes', '2008-03-14', 'Femenino', 2026, 'Colegio de Cedros'),
(2026007, 'Sebastián Salas', '2007-11-30', 'Masculino', 2026, 'Liceo de San Antonio'),
(2026008, 'Luciana Prado', '2008-07-19', 'Femenino', 2026, 'Colegio Santa Magdalena Sofía'),
(2026009, 'David Mena', '2007-10-04', 'Masculino', 2026, 'Liceo de Tilarán'),
(2026010, 'María Paula Solís', '2008-02-25', 'Femenino', 2026, 'Colegio Británico'),
(2026011, 'Ángel Villalta', '2007-08-16', 'Masculino', 2026, 'Liceo de Pavas'),
(2026012, 'Ariana Leitón', '2008-05-07', 'Femenino', 2026, 'Colegio de Moravia'),
(2026013, 'Sebastián Ulate', '2007-06-03', 'Masculino', 2026, 'Liceo Laboratorio'),
(2026014, 'Renata Soto', '2008-09-12', 'Femenino', 2026, 'Colegio Bilingüe Vista del Valle'),
(2026015, 'Isaac Chacón', '2007-04-29', 'Masculino', 2026, 'Liceo de San Isidro'),
(2026016, 'Valeria Moya', '2008-10-21', 'Femenino', 2026, 'Colegio Nocturno de Cartago'),
(2026017, 'Gabriel Carballo', '2007-07-15', 'Masculino', 2026, 'Liceo Edgar Cervantes'),
(2026018, 'Mariana Varela', '2008-11-05', 'Femenino', 2026, 'Colegio Nuestra Tierra'),
(2026019, 'Ethan Quesada', '2007-03-18', 'Masculino', 2026, 'Liceo de Orotina'),
(2026020, 'Samantha Naranjo', '2008-08-24', 'Femenino', 2026, 'Colegio María Teresa Obregón'),
(2026021, 'Joaquín Murillo', '2007-05-09', 'Masculino', 2026, 'Liceo León Cortés'),
(2026022, 'Regina Bonilla', '2008-12-13', 'Femenino', 2026, 'Colegio El Rosario'),
(2026023, 'Tomás Segura', '2007-02-01', 'Masculino', 2026, 'Liceo de Tarrazú'),
(2026024, 'Aitana Rojas', '2008-04-03', 'Femenino', 2026, 'Colegio Técnico de Santa Cruz'),
(2026025, 'Mateo Pineda', '2007-01-26', 'Masculino', 2026, 'Liceo de Acosta');

-- 7. Insertar Matrículas y Resultados
-- Distribución para Grupo 1001
INSERT INTO Matricula (id_matricula, id_grupo, id_estudiante, fecha_matricula, nota_final, estado_curso) VALUES
(1, 1001, 2023001, '2026-01-10', 67.40, 'Aprobado'),
(2, 1001, 2023002, '2026-01-11', 45.00, 'Reprobado'),
(3, 1001, 2024001, '2026-01-11', 90.00, 'Aprobado'),
(4, 1001, 2024002, '2026-01-12', 0.00, 'Deserción'),
(5, 1001, 2025001, '2026-01-12', 88.00, 'Aprobado'),
(6, 1001, 2025002, '2026-01-13', 62.00, 'Reprobado'),
(11, 1001, 2023003, '2026-01-13', 84.00, 'Aprobado'),
(12, 1001, 2023004, '2026-01-14', 86.00, 'Aprobado'),
(13, 1001, 2023005, '2026-01-15', 88.00, 'Aprobado'),
(14, 1001, 2023006, '2026-01-16', 60.00, 'Reprobado'),
(15, 1001, 2023007, '2026-01-17', 62.00, 'Reprobado'),
(16, 1001, 2023008, '2026-01-18', 94.00, 'Aprobado'),
(17, 1001, 2023009, '2026-01-19', 96.00, 'Aprobado'),
(18, 1001, 2023010, '2026-01-20', 98.00, 'Aprobado'),
(19, 1001, 2023011, '2026-01-21', 39.00, 'Reprobado'),
(20, 1001, 2023012, '2026-01-22', 41.00, 'Reprobado'),
(21, 1001, 2023013, '2026-01-23', 77.00, 'Aprobado'),
(22, 1001, 2023014, '2026-01-24', 79.00, 'Aprobado'),
(23, 1001, 2023015, '2026-01-25', 81.00, 'Aprobado'),
(24, 1001, 2023016, '2026-01-26', 49.00, 'Reprobado'),
(25, 1001, 2023017, '2026-01-27', 51.00, 'Reprobado'),
(26, 1001, 2023018, '2026-01-28', 87.00, 'Aprobado'),
(27, 1001, 2023019, '2026-01-29', 89.00, 'Aprobado'),
(28, 1001, 2023020, '2026-01-30', 91.00, 'Aprobado'),
(29, 1001, 2023021, '2026-01-31', 59.00, 'Reprobado'),
(30, 1001, 2023022, '2026-02-01', 61.00, 'Reprobado'),
(31, 1001, 2023023, '2026-02-02', 97.00, 'Aprobado'),
(32, 1001, 2023024, '2026-02-03', 72.00, 'Aprobado'),
(33, 1001, 2023025, '2026-02-04', 74.00, 'Aprobado'),
(34, 1001, 2024003, '2026-02-05', 81.50, 'Aprobado'),
(35, 1001, 2024004, '2026-02-06', 0.00, 'Deserción'),
(36, 1001, 2024005, '2026-02-07', 58.50, 'Reprobado'),
(37, 1001, 2024006, '2026-01-13', 87.50, 'Aprobado'),
(38, 1001, 2024007, '2026-01-14', 89.50, 'Aprobado'),
(39, 1001, 2024008, '2026-01-15', 91.50, 'Aprobado'),
(40, 1001, 2024009, '2026-01-16', 0.00, 'Deserción'),
(41, 1001, 2024010, '2026-01-17', 68.50, 'Reprobado'),
(42, 1001, 2024011, '2026-01-18', 97.50, 'Aprobado'),
(43, 1001, 2024012, '2026-01-19', 72.50, 'Aprobado'),
(44, 1001, 2024013, '2026-01-20', 74.50, 'Aprobado'),
(45, 1001, 2024014, '2026-01-21', 0.00, 'Deserción'),
(46, 1001, 2024015, '2026-01-22', 47.50, 'Reprobado'),
(47, 1001, 2024016, '2026-01-23', 80.50, 'Aprobado'),
(48, 1001, 2024017, '2026-01-24', 82.50, 'Aprobado'),
(49, 1001, 2024018, '2026-01-25', 84.50, 'Aprobado'),
(50, 1001, 2024019, '2026-01-26', 0.00, 'Deserción'),
(51, 1001, 2024020, '2026-01-27', 57.50, 'Reprobado'),
(52, 1001, 2024021, '2026-01-28', 90.50, 'Aprobado'),
(53, 1001, 2024022, '2026-01-29', 92.50, 'Aprobado'),
(54, 1001, 2024023, '2026-01-30', 94.50, 'Aprobado'),
(55, 1001, 2024024, '2026-01-31', 0.00, 'Deserción'),
(56, 1001, 2024025, '2026-02-01', 67.50, 'Reprobado'),
(57, 1001, 2025003, '2026-02-02', 54.00, 'Reprobado'),
(58, 1001, 2025004, '2026-02-03', 56.00, 'Reprobado'),
(59, 1001, 2025005, '2026-02-04', 82.00, 'Aprobado'),
(60, 1001, 2025006, '2026-02-05', 84.00, 'Aprobado'),
(61, 1001, 2025007, '2026-02-06', 86.00, 'Aprobado'),
(62, 1001, 2025008, '2026-02-07', 64.00, 'Reprobado'),
(63, 1001, 2025009, '2026-01-13', 66.00, 'Reprobado'),
(64, 1001, 2025010, '2026-01-14', 92.00, 'Aprobado'),
(65, 1001, 2025011, '2026-01-15', 94.00, 'Aprobado'),
(66, 1001, 2025012, '2026-01-16', 96.00, 'Aprobado'),
(67, 1001, 2025013, '2026-01-17', 43.00, 'Reprobado'),
(68, 1001, 2025014, '2026-01-18', 45.00, 'Reprobado'),
(69, 1001, 2025015, '2026-01-19', 75.00, 'Aprobado'),
(70, 1001, 2025016, '2026-01-20', 77.00, 'Aprobado'),
(71, 1001, 2025017, '2026-01-21', 79.00, 'Aprobado');

-- Distribución para Grupo 1002
INSERT INTO Matricula (id_matricula, id_grupo, id_estudiante, fecha_matricula, nota_final, estado_curso) VALUES
(7, 1002, 2023003, '2026-01-10', 82.00, 'Aprobado'),
(8, 1002, 2024001, '2026-01-11', 50.00, 'Reprobado'),
(9, 1002, 2026001, '2026-01-14', 0.00, 'Deserción'),
(10, 1002, 2023001, '2026-01-15', 95.00, 'Aprobado'),
(72, 1002, 2023021, '2026-01-16', 82.00, 'Aprobado'),
(73, 1002, 2023022, '2026-01-17', 84.00, 'Aprobado'),
(74, 1002, 2023023, '2026-01-18', 86.00, 'Aprobado'),
(75, 1002, 2023024, '2026-01-19', 46.00, 'Reprobado'),
(76, 1002, 2023025, '2026-01-20', 48.00, 'Reprobado'),
(77, 1002, 2024002, '2026-01-21', 65.00, 'Reprobado'),
(78, 1002, 2024003, '2026-01-22', 67.00, 'Reprobado'),
(79, 1002, 2024004, '2026-01-23', 73.00, 'Aprobado'),
(80, 1002, 2024005, '2026-01-24', 75.00, 'Aprobado'),
(81, 1002, 2024006, '2026-01-25', 77.00, 'Aprobado'),
(82, 1002, 2024007, '2026-01-26', 44.00, 'Reprobado'),
(83, 1002, 2024008, '2026-01-27', 46.00, 'Reprobado'),
(84, 1002, 2024009, '2026-01-28', 83.00, 'Aprobado'),
(85, 1002, 2024010, '2026-01-29', 85.00, 'Aprobado'),
(86, 1002, 2024011, '2026-01-30', 87.00, 'Aprobado'),
(87, 1002, 2024012, '2026-01-31', 54.00, 'Reprobado'),
(88, 1002, 2024013, '2026-02-01', 56.00, 'Reprobado'),
(89, 1002, 2024014, '2026-02-02', 93.00, 'Aprobado'),
(90, 1002, 2024015, '2026-02-03', 95.00, 'Aprobado'),
(91, 1002, 2024016, '2026-02-04', 97.00, 'Aprobado'),
(92, 1002, 2024017, '2026-02-05', 64.00, 'Reprobado'),
(93, 1002, 2024018, '2026-02-06', 66.00, 'Reprobado'),
(94, 1002, 2024019, '2026-02-07', 76.00, 'Aprobado'),
(95, 1002, 2024020, '2026-02-08', 78.00, 'Aprobado'),
(96, 1002, 2024021, '2026-02-09', 80.00, 'Aprobado'),
(97, 1002, 2024022, '2026-02-10', 43.00, 'Reprobado'),
(98, 1002, 2024023, '2026-01-16', 45.00, 'Reprobado'),
(99, 1002, 2024024, '2026-01-17', 86.00, 'Aprobado'),
(100, 1002, 2024025, '2026-01-18', 88.00, 'Aprobado'),
(101, 1002, 2025001, '2026-01-19', 93.50, 'Aprobado'),
(102, 1002, 2025002, '2026-01-20', 95.50, 'Aprobado'),
(103, 1002, 2025003, '2026-01-21', 97.50, 'Aprobado'),
(104, 1002, 2025004, '2026-01-22', 0.00, 'Deserción'),
(105, 1002, 2025005, '2026-01-23', 42.50, 'Reprobado'),
(106, 1002, 2025006, '2026-01-24', 76.50, 'Aprobado'),
(107, 1002, 2025007, '2026-01-25', 78.50, 'Aprobado'),
(108, 1002, 2025008, '2026-01-26', 80.50, 'Aprobado'),
(109, 1002, 2025009, '2026-01-27', 0.00, 'Deserción'),
(110, 1002, 2025010, '2026-01-28', 52.50, 'Reprobado'),
(111, 1002, 2025011, '2026-01-29', 86.50, 'Aprobado'),
(112, 1002, 2025012, '2026-01-30', 88.50, 'Aprobado'),
(113, 1002, 2025013, '2026-01-31', 90.50, 'Aprobado'),
(114, 1002, 2025014, '2026-02-01', 0.00, 'Deserción'),
(115, 1002, 2025015, '2026-02-02', 62.50, 'Reprobado'),
(116, 1002, 2025016, '2026-02-03', 96.50, 'Aprobado'),
(117, 1002, 2025017, '2026-02-04', 98.50, 'Aprobado'),
(118, 1002, 2025018, '2026-02-05', 73.50, 'Aprobado'),
(119, 1002, 2025019, '2026-02-06', 0.00, 'Deserción'),
(120, 1002, 2025020, '2026-02-07', 41.50, 'Reprobado'),
(121, 1002, 2025021, '2026-02-08', 79.50, 'Aprobado'),
(122, 1002, 2025022, '2026-02-09', 81.50, 'Aprobado'),
(123, 1002, 2025023, '2026-02-10', 83.50, 'Aprobado'),
(124, 1002, 2025024, '2026-01-16', 0.00, 'Deserción'),
(125, 1002, 2025025, '2026-01-17', 51.50, 'Reprobado'),
(126, 1002, 2026002, '2026-01-18', 0.00, 'Deserción'),
(127, 1002, 2026003, '2026-01-19', 39.50, 'Reprobado'),
(128, 1002, 2026004, '2026-01-20', 97.50, 'Aprobado'),
(129, 1002, 2026005, '2026-01-21', 72.50, 'Aprobado'),
(130, 1002, 2026006, '2026-01-22', 74.50, 'Aprobado'),
(131, 1002, 2026007, '2026-01-23', 0.00, 'Deserción'),
(132, 1002, 2026008, '2026-01-24', 49.50, 'Reprobado'),
(133, 1002, 2026009, '2026-01-25', 80.50, 'Aprobado'),
(134, 1002, 2026010, '2026-01-26', 82.50, 'Aprobado');

-- Distribución para Grupo 1003
INSERT INTO Matricula (id_matricula, id_grupo, id_estudiante, fecha_matricula, nota_final, estado_curso) VALUES
(135, 1003, 2024016, '2026-01-20', 87.50, 'Aprobado'),
(136, 1003, 2024017, '2026-01-21', 89.50, 'Aprobado'),
(137, 1003, 2024018, '2026-01-22', 91.50, 'Aprobado'),
(138, 1003, 2024019, '2026-01-23', 0.00, 'Deserción'),
(139, 1003, 2024020, '2026-01-24', 52.50, 'Reprobado'),
(140, 1003, 2024021, '2026-01-25', 97.50, 'Aprobado'),
(141, 1003, 2024022, '2026-01-26', 72.50, 'Aprobado'),
(142, 1003, 2024023, '2026-01-27', 74.50, 'Aprobado'),
(143, 1003, 2024024, '2026-01-28', 0.00, 'Deserción'),
(144, 1003, 2024025, '2026-01-29', 62.50, 'Reprobado'),
(145, 1003, 2025001, '2026-01-30', 83.00, 'Aprobado'),
(146, 1003, 2025002, '2026-01-31', 49.00, 'Reprobado'),
(147, 1003, 2025003, '2026-02-01', 51.00, 'Reprobado'),
(148, 1003, 2025004, '2026-02-02', 89.00, 'Aprobado'),
(149, 1003, 2025005, '2026-02-03', 91.00, 'Aprobado'),
(150, 1003, 2025006, '2026-02-04', 93.00, 'Aprobado'),
(151, 1003, 2025007, '2026-02-05', 59.00, 'Reprobado'),
(152, 1003, 2025008, '2026-02-06', 61.00, 'Reprobado'),
(153, 1003, 2025009, '2026-02-07', 72.00, 'Aprobado'),
(154, 1003, 2025010, '2026-02-08', 74.00, 'Aprobado'),
(155, 1003, 2025011, '2026-02-09', 76.00, 'Aprobado'),
(156, 1003, 2025012, '2026-02-10', 38.00, 'Reprobado'),
(157, 1003, 2025013, '2026-02-11', 40.00, 'Reprobado'),
(158, 1003, 2025014, '2026-02-12', 82.00, 'Aprobado'),
(159, 1003, 2025015, '2026-02-13', 84.00, 'Aprobado'),
(160, 1003, 2025016, '2026-02-14', 86.00, 'Aprobado'),
(161, 1003, 2025017, '2026-01-20', 48.00, 'Reprobado'),
(162, 1003, 2025018, '2026-01-21', 50.00, 'Reprobado'),
(163, 1003, 2025019, '2026-01-22', 92.00, 'Aprobado'),
(164, 1003, 2025020, '2026-01-23', 94.00, 'Aprobado'),
(165, 1003, 2025021, '2026-01-24', 96.00, 'Aprobado'),
(166, 1003, 2025022, '2026-01-25', 58.00, 'Reprobado'),
(167, 1003, 2025023, '2026-01-26', 60.00, 'Reprobado'),
(168, 1003, 2025024, '2026-01-27', 75.00, 'Aprobado'),
(169, 1003, 2025025, '2026-01-28', 77.00, 'Aprobado'),
(170, 1003, 2026001, '2026-01-29', 82.50, 'Aprobado'),
(171, 1003, 2026002, '2026-01-30', 84.50, 'Aprobado'),
(172, 1003, 2026003, '2026-01-31', 86.50, 'Aprobado'),
(173, 1003, 2026004, '2026-02-01', 0.00, 'Deserción'),
(174, 1003, 2026005, '2026-02-02', 57.50, 'Reprobado'),
(175, 1003, 2026006, '2026-02-03', 92.50, 'Aprobado'),
(176, 1003, 2026007, '2026-02-04', 94.50, 'Aprobado'),
(177, 1003, 2026008, '2026-02-05', 96.50, 'Aprobado'),
(178, 1003, 2026009, '2026-02-06', 0.00, 'Deserción'),
(179, 1003, 2026010, '2026-02-07', 67.50, 'Reprobado'),
(180, 1003, 2026011, '2026-02-08', 75.50, 'Aprobado'),
(181, 1003, 2026012, '2026-02-09', 77.50, 'Aprobado'),
(182, 1003, 2026013, '2026-02-10', 79.50, 'Aprobado'),
(183, 1003, 2026014, '2026-02-11', 0.00, 'Deserción'),
(184, 1003, 2026015, '2026-02-12', 46.50, 'Reprobado'),
(185, 1003, 2026016, '2026-02-13', 85.50, 'Aprobado'),
(186, 1003, 2026017, '2026-02-14', 87.50, 'Aprobado'),
(187, 1003, 2026018, '2026-01-20', 89.50, 'Aprobado'),
(188, 1003, 2026019, '2026-01-21', 0.00, 'Deserción'),
(189, 1003, 2026020, '2026-01-22', 56.50, 'Reprobado'),
(190, 1003, 2026021, '2026-01-23', 95.50, 'Aprobado'),
(191, 1003, 2026022, '2026-01-24', 97.50, 'Aprobado'),
(192, 1003, 2026023, '2026-01-25', 72.50, 'Aprobado'),
(193, 1003, 2026024, '2026-01-26', 0.00, 'Deserción'),
(194, 1003, 2026025, '2026-01-27', 66.50, 'Reprobado'),
(195, 1003, 2023001, '2026-01-28', 77.00, 'Aprobado'),
(196, 1003, 2023002, '2026-01-29', 52.00, 'Reprobado'),
(197, 1003, 2023003, '2026-01-30', 54.00, 'Reprobado'),
(198, 1003, 2023004, '2026-01-31', 83.00, 'Aprobado'),
(199, 1003, 2023005, '2026-02-01', 85.00, 'Aprobado'),
(200, 1003, 2023006, '2026-02-02', 87.00, 'Aprobado');
